[{"model": "admin.logentry", "pk": 1, "fields": {"action_time": "2023-07-19T00:21:22.215Z", "user": 1, "content_type": 8, "object_id": "1", "object_repr": "Establecimiento object (1)", "action_flag": 1, "change_message": "[{\"added\": {}}]"}}, {"model": "admin.logentry", "pk": 2, "fields": {"action_time": "2023-07-19T00:21:45.770Z", "user": 1, "content_type": 8, "object_id": "2", "object_repr": "Establecimiento object (2)", "action_flag": 1, "change_message": "[{\"added\": {}}]"}}, {"model": "admin.logentry", "pk": 3, "fields": {"action_time": "2023-07-19T00:57:09.973Z", "user": 1, "content_type": 12, "object_id": "1", "object_repr": "Edificio principal", "action_flag": 1, "change_message": "[{\"added\": {}}]"}}, {"model": "admin.logentry", "pk": 4, "fields": {"action_time": "2023-07-19T00:57:21.756Z", "user": 1, "content_type": 12, "object_id": "2", "object_repr": "Edificio nuevo", "action_flag": 1, "change_message": "[{\"added\": {}}]"}}, {"model": "admin.logentry", "pk": 5, "fields": {"action_time": "2023-07-19T01:11:11.745Z", "user": 1, "content_type": 7, "object_id": "1", "object_repr": "Malvinas Argentinas", "action_flag": 1, "change_message": "[{\"added\": {}}]"}}, {"model": "admin.logentry", "pk": 6, "fields": {"action_time": "2023-07-19T01:11:46.995Z", "user": 1, "content_type": 7, "object_id": "1", "object_repr": "Malvinas Argentinas", "action_flag": 2, "change_message": "[]"}}, {"model": "admin.logentry", "pk": 7, "fields": {"action_time": "2023-07-19T01:14:20.524Z", "user": 1, "content_type": 7, "object_id": "1", "object_repr": "Malvinas Argentinass", "action_flag": 2, "change_message": "[{\"changed\": {\"fields\": [\"Nombre\"]}}]"}}, {"model": "admin.logentry", "pk": 8, "fields": {"action_time": "2023-07-19T01:14:31.936Z", "user": 1, "content_type": 7, "object_id": "1", "object_repr": "Malvinas Argentinas", "action_flag": 2, "change_message": "[{\"changed\": {\"fields\": [\"Nombre\"]}}]"}}, {"model": "admin.logentry", "pk": 9, "fields": {"action_time": "2023-07-19T01:18:11.955Z", "user": 1, "content_type": 7, "object_id": "1", "object_repr": "Malvinas Argentinas", "action_flag": 2, "change_message": "[]"}}, {"model": "admin.logentry", "pk": 10, "fields": {"action_time": "2023-07-19T01:44:59.007Z", "user": 1, "content_type": 7, "object_id": "1", "object_repr": "Malvinas Argentinas", "action_flag": 2, "change_message": "[{\"changed\": {\"fields\": [\"Establecimiento\"]}}]"}}, {"model": "admin.logentry", "pk": 11, "fields": {"action_time": "2023-07-19T02:01:28.252Z", "user": 1, "content_type": 7, "object_id": "1", "object_repr": "Malvinas Argentinas", "action_flag": 2, "change_message": "[{\"changed\": {\"fields\": [\"Establecimiento\", \"Edificio\"]}}]"}}, {"model": "admin.logentry", "pk": 12, "fields": {"action_time": "2023-07-19T02:01:47.354Z", "user": 1, "content_type": 7, "object_id": "1", "object_repr": "Malvinas Argentinas", "action_flag": 2, "change_message": "[]"}}, {"model": "admin.logentry", "pk": 13, "fields": {"action_time": "2023-07-19T02:06:59.891Z", "user": 1, "content_type": 7, "object_id": "2", "object_repr": "Aula  1", "action_flag": 1, "change_message": "[{\"added\": {}}]"}}, {"model": "admin.logentry", "pk": 14, "fields": {"action_time": "2023-07-19T02:09:07.433Z", "user": 1, "content_type": 7, "object_id": "2", "object_repr": "Aula 1", "action_flag": 2, "change_message": "[{\"changed\": {\"fields\": [\"Nombre\"]}}]"}}, {"model": "admin.logentry", "pk": 15, "fields": {"action_time": "2023-07-19T02:09:20.094Z", "user": 1, "content_type": 7, "object_id": "3", "object_repr": "Aula 1", "action_flag": 1, "change_message": "[{\"added\": {}}]"}}, {"model": "admin.logentry", "pk": 16, "fields": {"action_time": "2023-07-19T02:14:16.305Z", "user": 1, "content_type": 7, "object_id": "3", "object_repr": "Aula 1", "action_flag": 2, "change_message": "[]"}}, {"model": "admin.logentry", "pk": 17, "fields": {"action_time": "2023-07-19T02:14:24.900Z", "user": 1, "content_type": 7, "object_id": "3", "object_repr": "Aula 1", "action_flag": 2, "change_message": "[{\"changed\": {\"fields\": [\"Establecimiento\"]}}]"}}, {"model": "admin.logentry", "pk": 18, "fields": {"action_time": "2023-07-19T02:14:30.505Z", "user": 1, "content_type": 7, "object_id": "3", "object_repr": "Aula 1", "action_flag": 2, "change_message": "[{\"changed\": {\"fields\": [\"Establecimiento\"]}}]"}}, {"model": "admin.logentry", "pk": 19, "fields": {"action_time": "2023-07-19T02:16:21.017Z", "user": 1, "content_type": 7, "object_id": "4", "object_repr": "Aula 1", "action_flag": 1, "change_message": "[{\"added\": {}}]"}}, {"model": "admin.logentry", "pk": 20, "fields": {"action_time": "2023-07-19T02:17:53.269Z", "user": 1, "content_type": 7, "object_id": "3", "object_repr": "Aula 2", "action_flag": 2, "change_message": "[{\"changed\": {\"fields\": [\"Nombre\"]}}]"}}, {"model": "admin.logentry", "pk": 21, "fields": {"action_time": "2023-07-19T02:17:57.436Z", "user": 1, "content_type": 7, "object_id": "4", "object_repr": "Aula 3", "action_flag": 2, "change_message": "[{\"changed\": {\"fields\": [\"Nombre\"]}}]"}}, {"model": "admin.logentry", "pk": 22, "fields": {"action_time": "2023-07-19T02:23:18.406Z", "user": 1, "content_type": 11, "object_id": "1", "object_repr": "Reserva object (1)", "action_flag": 1, "change_message": "[{\"added\": {}}]"}}, {"model": "admin.logentry", "pk": 23, "fields": {"action_time": "2023-07-19T02:26:50.026Z", "user": 1, "content_type": 11, "object_id": "1", "object_repr": "Aula Malvinas Argentinas en Campus. 2023-07-19 de 02:22:21 - 02:22:21", "action_flag": 2, "change_message": "[]"}}, {"model": "admin.logentry", "pk": 24, "fields": {"action_time": "2023-07-19T02:29:35.255Z", "user": 1, "content_type": 11, "object_id": "1", "object_repr": "Aula Malvinas Argentinas en Campus. 2023-07-19 de 02:22:21 - 02:22:21", "action_flag": 2, "change_message": "[]"}}, {"model": "admin.logentry", "pk": 25, "fields": {"action_time": "2023-07-19T02:30:46.950Z", "user": 1, "content_type": 11, "object_id": "1", "object_repr": "Aula Malvinas Argentinas en Campus. 2023-07-19 de 02:22:21 - 02:22:21", "action_flag": 2, "change_message": "[]"}}, {"model": "admin.logentry", "pk": 26, "fields": {"action_time": "2023-07-19T02:30:49.534Z", "user": 1, "content_type": 11, "object_id": "1", "object_repr": "Aula Malvinas Argentinas en Campus. 2023-07-19 de 02:22:21 - 02:22:21", "action_flag": 2, "change_message": "[]"}}, {"model": "admin.logentry", "pk": 27, "fields": {"action_time": "2023-07-19T02:31:09.392Z", "user": 1, "content_type": 11, "object_id": "1", "object_repr": "Aula Malvinas Argentinas en Campus. 2023-07-19 de 02:22:21 - 02:22:21", "action_flag": 2, "change_message": "[]"}}, {"model": "admin.logentry", "pk": 28, "fields": {"action_time": "2023-07-19T02:31:11.597Z", "user": 1, "content_type": 11, "object_id": "1", "object_repr": "Aula Malvinas Argentinas en Campus. 2023-07-19 de 02:22:21 - 02:22:21", "action_flag": 2, "change_message": "[]"}}, {"model": "admin.logentry", "pk": 29, "fields": {"action_time": "2023-07-19T02:31:37.267Z", "user": 1, "content_type": 11, "object_id": "1", "object_repr": "Aula Malvinas Argentinas en Campus. 2023-07-19 de 02:22:21 - 02:22:21", "action_flag": 2, "change_message": "[]"}}, {"model": "admin.logentry", "pk": 30, "fields": {"action_time": "2023-07-19T02:31:38.800Z", "user": 1, "content_type": 11, "object_id": "1", "object_repr": "Aula Malvinas Argentinas en Campus. 2023-07-19 de 02:22:21 - 02:22:21", "action_flag": 2, "change_message": "[]"}}, {"model": "admin.logentry", "pk": 31, "fields": {"action_time": "2023-07-19T02:32:21.406Z", "user": 1, "content_type": 11, "object_id": "1", "object_repr": "Aula Malvinas Argentinas en Campus. 2023-07-19 de 02:22:21 - 02:22:21", "action_flag": 2, "change_message": "[]"}}, {"model": "admin.logentry", "pk": 32, "fields": {"action_time": "2023-07-19T02:33:20.509Z", "user": 1, "content_type": 11, "object_id": "1", "object_repr": "Aula Malvinas Argentinas en Campus. 2023-07-19 de 02:22:21 - 02:22:21", "action_flag": 2, "change_message": "[]"}}, {"model": "admin.logentry", "pk": 33, "fields": {"action_time": "2023-07-19T02:33:51.840Z", "user": 1, "content_type": 11, "object_id": "1", "object_repr": "Aula Malvinas Argentinas en Campus. 2023-07-19 de 02:22:21 - 02:00:00", "action_flag": 2, "change_message": "[{\"changed\": {\"fields\": [\"Hasta\"]}}]"}}, {"model": "admin.logentry", "pk": 34, "fields": {"action_time": "2023-07-19T02:34:10.177Z", "user": 1, "content_type": 11, "object_id": "1", "object_repr": "Aula Malvinas Argentinas en Campus. 2023-07-19 de 02:22:21 - 02:00:00", "action_flag": 2, "change_message": "[]"}}, {"model": "admin.logentry", "pk": 35, "fields": {"action_time": "2023-07-19T02:34:12.008Z", "user": 1, "content_type": 11, "object_id": "1", "object_repr": "Aula Malvinas Argentinas en Campus. 2023-07-19 de 02:22:21 - 02:00:00", "action_flag": 2, "change_message": "[]"}}, {"model": "admin.logentry", "pk": 36, "fields": {"action_time": "2023-07-19T02:34:43.175Z", "user": 1, "content_type": 11, "object_id": "1", "object_repr": "Aula Malvinas Argentinas en Campus. 2023-07-19 de 02:22:21 - 02:00:00", "action_flag": 2, "change_message": "[]"}}, {"model": "admin.logentry", "pk": 37, "fields": {"action_time": "2023-07-19T02:34:45.527Z", "user": 1, "content_type": 11, "object_id": "1", "object_repr": "Aula Malvinas Argentinas en Campus. 2023-07-19 de 02:22:21 - 02:00:00", "action_flag": 2, "change_message": "[]"}}, {"model": "admin.logentry", "pk": 38, "fields": {"action_time": "2023-07-19T02:34:48.286Z", "user": 1, "content_type": 11, "object_id": "1", "object_repr": "Aula Malvinas Argentinas en Campus. 2023-07-19 de 02:22:21 - 02:34:47", "action_flag": 2, "change_message": "[{\"changed\": {\"fields\": [\"Hasta\"]}}]"}}, {"model": "admin.logentry", "pk": 39, "fields": {"action_time": "2023-07-19T02:35:57.490Z", "user": 1, "content_type": 11, "object_id": "1", "object_repr": "Aula Malvinas Argentinas en Campus. 2023-07-19 de 02:22:21 - 02:34:47", "action_flag": 2, "change_message": "[]"}}, {"model": "admin.logentry", "pk": 40, "fields": {"action_time": "2023-07-19T02:36:16.071Z", "user": 1, "content_type": 11, "object_id": "1", "object_repr": "Aula Malvinas Argentinas en Campus. 2023-07-19 de 02:22:21 - 02:22:21", "action_flag": 2, "change_message": "[{\"changed\": {\"fields\": [\"Hasta\"]}}]"}}, {"model": "admin.logentry", "pk": 41, "fields": {"action_time": "2023-07-19T02:36:19.855Z", "user": 1, "content_type": 11, "object_id": "1", "object_repr": "Aula Malvinas Argentinas en Campus. 2023-07-19 de 02:22:21 - 02:20:21", "action_flag": 2, "change_message": "[{\"changed\": {\"fields\": [\"Hasta\"]}}]"}}, {"model": "admin.logentry", "pk": 42, "fields": {"action_time": "2023-07-19T02:36:22.488Z", "user": 1, "content_type": 11, "object_id": "1", "object_repr": "Aula Malvinas Argentinas en Campus. 2023-07-19 de 02:22:21 - 02:36:21", "action_flag": 2, "change_message": "[{\"changed\": {\"fields\": [\"Hasta\"]}}]"}}, {"model": "admin.logentry", "pk": 43, "fields": {"action_time": "2023-07-19T02:37:10.667Z", "user": 1, "content_type": 11, "object_id": "1", "object_repr": "Aula Malvinas Argentinas en Campus. 2023-07-19 de 02:22:21 - 02:36:21", "action_flag": 2, "change_message": "[]"}}, {"model": "admin.logentry", "pk": 44, "fields": {"action_time": "2023-07-19T02:37:40.317Z", "user": 1, "content_type": 11, "object_id": "1", "object_repr": "Aula Malvinas Argentinas en Campus. 2023-07-19 de 02:22:21 - 02:36:21", "action_flag": 2, "change_message": "[]"}}, {"model": "admin.logentry", "pk": 45, "fields": {"action_time": "2023-07-19T02:37:47.494Z", "user": 1, "content_type": 11, "object_id": "1", "object_repr": "Aula Malvinas Argentinas en Campus. 2023-07-19 de 02:22:21 - 05:36:21", "action_flag": 2, "change_message": "[{\"changed\": {\"fields\": [\"Hasta\"]}}]"}}, {"model": "admin.logentry", "pk": 46, "fields": {"action_time": "2023-07-19T02:37:51.352Z", "user": 1, "content_type": 11, "object_id": "1", "object_repr": "Aula Malvinas Argentinas en Campus. 2023-07-19 de 02:22:21 - 02:36:21", "action_flag": 2, "change_message": "[{\"changed\": {\"fields\": [\"Hasta\"]}}]"}}, {"model": "admin.logentry", "pk": 47, "fields": {"action_time": "2023-07-19T02:43:56.381Z", "user": 1, "content_type": 11, "object_id": "1", "object_repr": "Aula Malvinas Argentinas en Campus. 2023-07-19 de 02:22:21 - 02:21:21", "action_flag": 2, "change_message": "[{\"changed\": {\"fields\": [\"Hasta\"]}}]"}}, {"model": "admin.logentry", "pk": 48, "fields": {"action_time": "2023-07-19T02:44:33.457Z", "user": 1, "content_type": 11, "object_id": "1", "object_repr": "Aula Malvinas Argentinas en Campus. 2023-07-19 de 02:22:21 - 02:23:21", "action_flag": 2, "change_message": "[{\"changed\": {\"fields\": [\"Hasta\"]}}]"}}, {"model": "admin.logentry", "pk": 49, "fields": {"action_time": "2023-07-19T02:44:53.560Z", "user": 1, "content_type": 11, "object_id": "1", "object_repr": "Aula Malvinas Argentinas en Campus. 2023-07-19 de 02:22:21 - 02:23:21", "action_flag": 2, "change_message": "[]"}}, {"model": "admin.logentry", "pk": 50, "fields": {"action_time": "2023-07-19T02:45:12.914Z", "user": 1, "content_type": 11, "object_id": "1", "object_repr": "Aula Malvinas Argentinas en Campus. 2023-07-19 de 02:22:21 - 02:23:21", "action_flag": 2, "change_message": "[]"}}, {"model": "admin.logentry", "pk": 51, "fields": {"action_time": "2023-07-19T02:48:06.732Z", "user": 1, "content_type": 11, "object_id": "1", "object_repr": "Aula Malvinas Argentinas en Campus. 2023-07-19 de 02:22:21 - 02:21:21", "action_flag": 2, "change_message": "[{\"changed\": {\"fields\": [\"Hasta\"]}}]"}}, {"model": "admin.logentry", "pk": 52, "fields": {"action_time": "2023-07-19T03:08:05.093Z", "user": 1, "content_type": 11, "object_id": "1", "object_repr": "Aula Malvinas Argentinas en Campus. 2023-07-19 de 02:22:21 - 03:22:21", "action_flag": 2, "change_message": "[{\"changed\": {\"fields\": [\"Hasta\"]}}]"}}, {"model": "admin.logentry", "pk": 53, "fields": {"action_time": "2023-07-19T03:11:08.485Z", "user": 1, "content_type": 11, "object_id": "1", "object_repr": "Aula Malvinas Argentinas en Campus. 2023-07-19 de 00:11:00 - 01:11:00", "action_flag": 2, "change_message": "[{\"changed\": {\"fields\": [\"Desde\", \"Hasta\"]}}]"}}, {"model": "admin.logentry", "pk": 54, "fields": {"action_time": "2023-07-19T20:50:59.872Z", "user": 1, "content_type": 11, "object_id": "3", "object_repr": "Aula Aula 1 en UTN. 2023-07-19 de 17:50:00 - 18:50:00", "action_flag": 1, "change_message": "[{\"added\": {}}]"}}, {"model": "admin.logentry", "pk": 55, "fields": {"action_time": "2023-07-20T16:40:07.402Z", "user": 1, "content_type": 9, "object_id": "1", "object_repr": "Osciloscopio x50", "action_flag": 1, "change_message": "[{\"added\": {}}]"}}, {"model": "admin.logentry", "pk": 56, "fields": {"action_time": "2023-07-20T16:41:04.487Z", "user": 1, "content_type": 10, "object_id": "1", "object_repr": "Osciloscopio x10", "action_flag": 1, "change_message": "[{\"added\": {}}]"}}, {"model": "admin.logentry", "pk": 57, "fields": {"action_time": "2023-07-20T18:48:48.157Z", "user": 1, "content_type": 13, "object_id": "1", "object_repr": "EquipamientoAula object (1)", "action_flag": 1, "change_message": "[{\"added\": {}}]"}}, {"model": "admin.logentry", "pk": 58, "fields": {"action_time": "2023-07-20T18:49:49.814Z", "user": 1, "content_type": 13, "object_id": "2", "object_repr": "Malvinas Argentinas en Campus: Computadora x20", "action_flag": 1, "change_message": "[{\"added\": {}}]"}}, {"model": "admin.logentry", "pk": 59, "fields": {"action_time": "2023-07-20T18:49:59.318Z", "user": 1, "content_type": 13, "object_id": "3", "object_repr": "Malvinas Argentinas en Campus: Tester x5", "action_flag": 1, "change_message": "[{\"added\": {}}]"}}, {"model": "admin.logentry", "pk": 60, "fields": {"action_time": "2023-07-20T19:33:08.480Z", "user": 1, "content_type": 14, "object_id": "1", "object_repr": "Osciloscopio x50 x5", "action_flag": 1, "change_message": "[{\"added\": {}}]"}}, {"model": "admin.logentry", "pk": 61, "fields": {"action_time": "2023-07-20T19:38:07.921Z", "user": 1, "content_type": 15, "object_id": "1", "object_repr": "Osciloscopio x5", "action_flag": 1, "change_message": "[{\"added\": {}}]"}}, {"model": "admin.logentry", "pk": 62, "fields": {"action_time": "2023-07-20T19:58:56.214Z", "user": 1, "content_type": 11, "object_id": "1", "object_repr": "Aula Malvinas Argentinas en Campus. 2023-07-20 de 00:11:00 - 01:11:00", "action_flag": 2, "change_message": "[{\"changed\": {\"fields\": [\"Fecha\"]}}]"}}, {"model": "admin.logentry", "pk": 63, "fields": {"action_time": "2023-07-20T20:02:15.181Z", "user": 1, "content_type": 11, "object_id": "1", "object_repr": "Aula Malvinas Argentinas en Campus. 2023-07-20 de 17:00:00 - 18:00:00", "action_flag": 2, "change_message": "[{\"changed\": {\"fields\": [\"Desde\", \"Hasta\"]}}]"}}, {"model": "admin.logentry", "pk": 64, "fields": {"action_time": "2023-07-21T23:53:19.325Z", "user": 1, "content_type": 9, "object_id": "2", "object_repr": "Reactor nuclear x5", "action_flag": 1, "change_message": "[{\"added\": {}}]"}}, {"model": "auth.permission", "pk": 1, "fields": {"name": "Can add log entry", "content_type": 1, "codename": "add_logentry"}}, {"model": "auth.permission", "pk": 2, "fields": {"name": "Can change log entry", "content_type": 1, "codename": "change_logentry"}}, {"model": "auth.permission", "pk": 3, "fields": {"name": "Can delete log entry", "content_type": 1, "codename": "delete_logentry"}}, {"model": "auth.permission", "pk": 4, "fields": {"name": "Can view log entry", "content_type": 1, "codename": "view_logentry"}}, {"model": "auth.permission", "pk": 5, "fields": {"name": "Can add permission", "content_type": 2, "codename": "add_permission"}}, {"model": "auth.permission", "pk": 6, "fields": {"name": "Can change permission", "content_type": 2, "codename": "change_permission"}}, {"model": "auth.permission", "pk": 7, "fields": {"name": "Can delete permission", "content_type": 2, "codename": "delete_permission"}}, {"model": "auth.permission", "pk": 8, "fields": {"name": "Can view permission", "content_type": 2, "codename": "view_permission"}}, {"model": "auth.permission", "pk": 9, "fields": {"name": "Can add group", "content_type": 3, "codename": "add_group"}}, {"model": "auth.permission", "pk": 10, "fields": {"name": "Can change group", "content_type": 3, "codename": "change_group"}}, {"model": "auth.permission", "pk": 11, "fields": {"name": "Can delete group", "content_type": 3, "codename": "delete_group"}}, {"model": "auth.permission", "pk": 12, "fields": {"name": "Can view group", "content_type": 3, "codename": "view_group"}}, {"model": "auth.permission", "pk": 13, "fields": {"name": "Can add user", "content_type": 4, "codename": "add_user"}}, {"model": "auth.permission", "pk": 14, "fields": {"name": "Can change user", "content_type": 4, "codename": "change_user"}}, {"model": "auth.permission", "pk": 15, "fields": {"name": "Can delete user", "content_type": 4, "codename": "delete_user"}}, {"model": "auth.permission", "pk": 16, "fields": {"name": "Can view user", "content_type": 4, "codename": "view_user"}}, {"model": "auth.permission", "pk": 17, "fields": {"name": "Can add content type", "content_type": 5, "codename": "add_contenttype"}}, {"model": "auth.permission", "pk": 18, "fields": {"name": "Can change content type", "content_type": 5, "codename": "change_contenttype"}}, {"model": "auth.permission", "pk": 19, "fields": {"name": "Can delete content type", "content_type": 5, "codename": "delete_contenttype"}}, {"model": "auth.permission", "pk": 20, "fields": {"name": "Can view content type", "content_type": 5, "codename": "view_contenttype"}}, {"model": "auth.permission", "pk": 21, "fields": {"name": "Can add session", "content_type": 6, "codename": "add_session"}}, {"model": "auth.permission", "pk": 22, "fields": {"name": "Can change session", "content_type": 6, "codename": "change_session"}}, {"model": "auth.permission", "pk": 23, "fields": {"name": "Can delete session", "content_type": 6, "codename": "delete_session"}}, {"model": "auth.permission", "pk": 24, "fields": {"name": "Can view session", "content_type": 6, "codename": "view_session"}}, {"model": "auth.permission", "pk": 25, "fields": {"name": "Can add aula", "content_type": 7, "codename": "add_aula"}}, {"model": "auth.permission", "pk": 26, "fields": {"name": "Can change aula", "content_type": 7, "codename": "change_aula"}}, {"model": "auth.permission", "pk": 27, "fields": {"name": "Can delete aula", "content_type": 7, "codename": "delete_aula"}}, {"model": "auth.permission", "pk": 28, "fields": {"name": "Can view aula", "content_type": 7, "codename": "view_aula"}}, {"model": "auth.permission", "pk": 29, "fields": {"name": "Can add establecimiento", "content_type": 8, "codename": "add_establecimiento"}}, {"model": "auth.permission", "pk": 30, "fields": {"name": "Can change establecimiento", "content_type": 8, "codename": "change_establecimiento"}}, {"model": "auth.permission", "pk": 31, "fields": {"name": "Can delete establecimiento", "content_type": 8, "codename": "delete_establecimiento"}}, {"model": "auth.permission", "pk": 32, "fields": {"name": "Can view establecimiento", "content_type": 8, "codename": "view_establecimiento"}}, {"model": "auth.permission", "pk": 33, "fields": {"name": "Can add instrumento", "content_type": 9, "codename": "add_instrumento"}}, {"model": "auth.permission", "pk": 34, "fields": {"name": "Can change instrumento", "content_type": 9, "codename": "change_instrumento"}}, {"model": "auth.permission", "pk": 35, "fields": {"name": "Can delete instrumento", "content_type": 9, "codename": "delete_instrumento"}}, {"model": "auth.permission", "pk": 36, "fields": {"name": "Can view instrumento", "content_type": 9, "codename": "view_instrumento"}}, {"model": "auth.permission", "pk": 37, "fields": {"name": "Can add reserva equipamiento", "content_type": 10, "codename": "add_reservaequipamiento"}}, {"model": "auth.permission", "pk": 38, "fields": {"name": "Can change reserva equipamiento", "content_type": 10, "codename": "change_reservaequipamiento"}}, {"model": "auth.permission", "pk": 39, "fields": {"name": "Can delete reserva equipamiento", "content_type": 10, "codename": "delete_reservaequipamiento"}}, {"model": "auth.permission", "pk": 40, "fields": {"name": "Can view reserva equipamiento", "content_type": 10, "codename": "view_reservaequipamiento"}}, {"model": "auth.permission", "pk": 41, "fields": {"name": "Can add reserva", "content_type": 11, "codename": "add_reserva"}}, {"model": "auth.permission", "pk": 42, "fields": {"name": "Can change reserva", "content_type": 11, "codename": "change_reserva"}}, {"model": "auth.permission", "pk": 43, "fields": {"name": "Can delete reserva", "content_type": 11, "codename": "delete_reserva"}}, {"model": "auth.permission", "pk": 44, "fields": {"name": "Can view reserva", "content_type": 11, "codename": "view_reserva"}}, {"model": "auth.permission", "pk": 45, "fields": {"name": "Can add edificio", "content_type": 12, "codename": "add_edificio"}}, {"model": "auth.permission", "pk": 46, "fields": {"name": "Can change edificio", "content_type": 12, "codename": "change_edificio"}}, {"model": "auth.permission", "pk": 47, "fields": {"name": "Can delete edificio", "content_type": 12, "codename": "delete_edificio"}}, {"model": "auth.permission", "pk": 48, "fields": {"name": "Can view edificio", "content_type": 12, "codename": "view_edificio"}}, {"model": "auth.permission", "pk": 49, "fields": {"name": "Can add equipamiento", "content_type": 13, "codename": "add_equipamiento"}}, {"model": "auth.permission", "pk": 50, "fields": {"name": "Can change equipamiento", "content_type": 13, "codename": "change_equipamiento"}}, {"model": "auth.permission", "pk": 51, "fields": {"name": "Can delete equipamiento", "content_type": 13, "codename": "delete_equipamiento"}}, {"model": "auth.permission", "pk": 52, "fields": {"name": "Can view equipamiento", "content_type": 13, "codename": "view_equipamiento"}}, {"model": "auth.permission", "pk": 53, "fields": {"name": "Can add equipamiento extra", "content_type": 14, "codename": "add_equipamientoextra"}}, {"model": "auth.permission", "pk": 54, "fields": {"name": "Can change equipamiento extra", "content_type": 14, "codename": "change_equipamientoextra"}}, {"model": "auth.permission", "pk": 55, "fields": {"name": "Can delete equipamiento extra", "content_type": 14, "codename": "delete_equipamientoextra"}}, {"model": "auth.permission", "pk": 56, "fields": {"name": "Can view equipamiento extra", "content_type": 14, "codename": "view_equipamientoextra"}}, {"model": "auth.permission", "pk": 57, "fields": {"name": "Can add equipamiento disponible", "content_type": 9, "codename": "add_equipamientodisponible"}}, {"model": "auth.permission", "pk": 58, "fields": {"name": "Can change equipamiento disponible", "content_type": 9, "codename": "change_equipamientodisponible"}}, {"model": "auth.permission", "pk": 59, "fields": {"name": "Can delete equipamiento disponible", "content_type": 9, "codename": "delete_equipamientodisponible"}}, {"model": "auth.permission", "pk": 60, "fields": {"name": "Can view equipamiento disponible", "content_type": 9, "codename": "view_equipamientodisponible"}}, {"model": "auth.permission", "pk": 61, "fields": {"name": "Can add equipamiento aula", "content_type": 13, "codename": "add_equipamientoaula"}}, {"model": "auth.permission", "pk": 62, "fields": {"name": "Can change equipamiento aula", "content_type": 13, "codename": "change_equipamientoaula"}}, {"model": "auth.permission", "pk": 63, "fields": {"name": "Can delete equipamiento aula", "content_type": 13, "codename": "delete_equipamientoaula"}}, {"model": "auth.permission", "pk": 64, "fields": {"name": "Can view equipamiento aula", "content_type": 13, "codename": "view_equipamientoaula"}}, {"model": "auth.permission", "pk": 65, "fields": {"name": "Can add reserva equipamiento extra", "content_type": 15, "codename": "add_reservaequipamientoextra"}}, {"model": "auth.permission", "pk": 66, "fields": {"name": "Can change reserva equipamiento extra", "content_type": 15, "codename": "change_reservaequipamientoextra"}}, {"model": "auth.permission", "pk": 67, "fields": {"name": "Can delete reserva equipamiento extra", "content_type": 15, "codename": "delete_reservaequipamientoextra"}}, {"model": "auth.permission", "pk": 68, "fields": {"name": "Can view reserva equipamiento extra", "content_type": 15, "codename": "view_reservaequipamientoextra"}}, {"model": "auth.permission", "pk": 69, "fields": {"name": "Can add equipamiento", "content_type": 9, "codename": "add_equipamiento"}}, {"model": "auth.permission", "pk": 70, "fields": {"name": "Can change equipamiento", "content_type": 9, "codename": "change_equipamiento"}}, {"model": "auth.permission", "pk": 71, "fields": {"name": "Can delete equipamiento", "content_type": 9, "codename": "delete_equipamiento"}}, {"model": "auth.permission", "pk": 72, "fields": {"name": "Can view equipamiento", "content_type": 9, "codename": "view_equipamiento"}}, {"model": "auth.user", "pk": 1, "fields": {"password": "pbkdf2_sha256$600000$g4GZLs692WJhDLQKvbuZKT$rSNl0pPPWaRv/yzJ5vyj/zGyKAg36V4i5XIgKOphKY0=", "last_login": "2023-07-19T00:20:42.901Z", "is_superuser": true, "username": "admin", "first_name": "", "last_name": "", "email": "", "is_staff": true, "is_active": true, "date_joined": "2023-07-19T00:20:36.529Z", "groups": [], "user_permissions": []}}, {"model": "auth.user", "pk": 2, "fields": {"password": "", "last_login": null, "is_superuser": false, "username": "Juan", "first_name": "", "last_name": "", "email": "", "is_staff": false, "is_active": true, "date_joined": "2023-07-19T20:50:13.570Z", "groups": [], "user_permissions": []}}, {"model": "auth.user", "pk": 3, "fields": {"password": "", "last_login": null, "is_superuser": false, "username": "Pedro", "first_name": "", "last_name": "", "email": "", "is_staff": false, "is_active": true, "date_joined": "2023-07-19T20:50:17.986Z", "groups": [], "user_permissions": []}}, {"model": "auth.user", "pk": 4, "fields": {"password": "", "last_login": null, "is_superuser": false, "username": "Miguel", "first_name": "", "last_name": "", "email": "", "is_staff": false, "is_active": true, "date_joined": "2023-07-19T20:50:23.202Z", "groups": [], "user_permissions": []}}, {"model": "contenttypes.contenttype", "pk": 1, "fields": {"app_label": "admin", "model": "logentry"}}, {"model": "contenttypes.contenttype", "pk": 2, "fields": {"app_label": "auth", "model": "permission"}}, {"model": "contenttypes.contenttype", "pk": 3, "fields": {"app_label": "auth", "model": "group"}}, {"model": "contenttypes.contenttype", "pk": 4, "fields": {"app_label": "auth", "model": "user"}}, {"model": "contenttypes.contenttype", "pk": 5, "fields": {"app_label": "contenttypes", "model": "contenttype"}}, {"model": "contenttypes.contenttype", "pk": 6, "fields": {"app_label": "sessions", "model": "session"}}, {"model": "contenttypes.contenttype", "pk": 7, "fields": {"app_label": "reservas", "model": "aula"}}, {"model": "contenttypes.contenttype", "pk": 8, "fields": {"app_label": "reservas", "model": "establecimiento"}}, {"model": "contenttypes.contenttype", "pk": 9, "fields": {"app_label": "reservas", "model": "equipamiento"}}, {"model": "contenttypes.contenttype", "pk": 10, "fields": {"app_label": "reservas", "model": "reservaequipamiento"}}, {"model": "contenttypes.contenttype", "pk": 11, "fields": {"app_label": "reservas", "model": "reserva"}}, {"model": "contenttypes.contenttype", "pk": 12, "fields": {"app_label": "reservas", "model": "edificio"}}, {"model": "contenttypes.contenttype", "pk": 13, "fields": {"app_label": "reservas", "model": "equipamientoaula"}}, {"model": "contenttypes.contenttype", "pk": 14, "fields": {"app_label": "reservas", "model": "equipamientoextra"}}, {"model": "contenttypes.contenttype", "pk": 15, "fields": {"app_label": "reservas", "model": "reservaequipamientoextra"}}, {"model": "reservas.establecimiento", "pk": 1, "fields": {"nombre": "Campus", "direccion": "Ángela de la Casa"}}, {"model": "reservas.establecimiento", "pk": 2, "fields": {"nombre": "UTN", "direccion": "Artigas"}}, {"model": "reservas.edificio", "pk": 1, "fields": {"nombre": "Edificio principal", "establecimiento": 1}}, {"model": "reservas.edificio", "pk": 2, "fields": {"nombre": "Edificio nuevo", "establecimiento": 1}}, {"model": "reservas.aula", "pk": 1, "fields": {"nombre": "Malvinas Argentinas", "capacidad": 40, "establecimiento": 1, "edificio": 2, "es_laboratorio": true}}, {"model": "reservas.aula", "pk": 2, "fields": {"nombre": "1", "capacidad": 30, "establecimiento": 2, "edificio": null, "es_laboratorio": false}}, {"model": "reservas.aula", "pk": 3, "fields": {"nombre": "2", "capacidad": 30, "establecimiento": 2, "edificio": null, "es_laboratorio": false}}, {"model": "reservas.aula", "pk": 4, "fields": {"nombre": "3", "capacidad": 40, "establecimiento": 2, "edificio": null, "es_laboratorio": false}}, {"model": "reservas.equipamientoaula", "pk": 1, "fields": {"aula": 1, "nombre": "Osciloscopio", "cantidad": 10}}, {"model": "reservas.equipamientoaula", "pk": 2, "fields": {"aula": 1, "nombre": "Computadora", "cantidad": 20}}, {"model": "reservas.equipamientoaula", "pk": 3, "fields": {"aula": 1, "nombre": "Tester", "cantidad": 5}}, {"model": "reservas.equipamiento", "pk": 1, "fields": {"nombre": "Osciloscopio", "cantidad": 50}}, {"model": "reservas.equipamiento", "pk": 2, "fields": {"nombre": "Reactor nuclear", "cantidad": 5}}, {"model": "reservas.reserva", "pk": 1, "fields": {"aula": 1, "solicitante": 1, "fecha": "2023-07-22", "desde": "00:00:00", "hasta": "23:00:00", "creacion": "2023-07-19T02:23:18.402Z", "modificacion": "2023-07-22T00:39:50.234Z"}}, {"model": "reservas.reserva", "pk": 2, "fields": {"aula": 3, "solicitante": 1, "fecha": "2023-12-20", "desde": "01:00:00", "hasta": "02:00:00", "creacion": "2023-07-19T03:20:13.437Z", "modificacion": "2023-07-20T03:52:24.780Z"}}, {"model": "reservas.reserva", "pk": 3, "fields": {"aula": 2, "solicitante": 2, "fecha": "2023-07-19", "desde": "17:50:00", "hasta": "18:50:00", "creacion": "2023-07-19T20:50:59.868Z", "modificacion": "2023-07-19T20:50:59.868Z"}}, {"model": "reservas.reserva", "pk": 4, "fields": {"aula": 3, "solicitante": 1, "fecha": "2023-12-20", "desde": "01:00:00", "hasta": "02:00:00", "creacion": "2023-07-19T21:37:05.267Z", "modificacion": "2023-07-20T16:37:37.304Z"}}, {"model": "reservas.reserva", "pk": 5, "fields": {"aula": 1, "solicitante": 1, "fecha": "2023-12-20", "desde": "01:00:00", "hasta": "02:00:00", "creacion": "2023-07-19T21:37:17.768Z", "modificacion": "2023-07-19T21:37:17.768Z"}}, {"model": "reservas.reserva", "pk": 6, "fields": {"aula": 1, "solicitante": 1, "fecha": "2023-12-20", "desde": "02:00:00", "hasta": "03:00:00", "creacion": "2023-07-19T21:58:15.437Z", "modificacion": "2023-07-19T21:58:15.437Z"}}, {"model": "reservas.reserva", "pk": 7, "fields": {"aula": 1, "solicitante": 1, "fecha": "2023-12-20", "desde": "03:00:00", "hasta": "04:00:00", "creacion": "2023-07-19T22:15:46.091Z", "modificacion": "2023-07-19T22:15:46.091Z"}}, {"model": "reservas.reserva", "pk": 8, "fields": {"aula": 1, "solicitante": 2, "fecha": "2023-12-20", "desde": "04:00:00", "hasta": "05:00:00", "creacion": "2023-07-20T00:17:07.964Z", "modificacion": "2023-07-20T00:17:07.964Z"}}, {"model": "reservas.reserva", "pk": 9, "fields": {"aula": 1, "solicitante": 2, "fecha": "2023-12-20", "desde": "05:00:00", "hasta": "06:00:00", "creacion": "2023-07-20T00:18:05.605Z", "modificacion": "2023-07-20T00:18:05.605Z"}}, {"model": "reservas.reserva", "pk": 10, "fields": {"aula": 1, "solicitante": 1, "fecha": "2023-12-20", "desde": "07:00:00", "hasta": "08:00:00", "creacion": "2023-07-20T00:23:22.966Z", "modificacion": "2023-07-20T00:23:22.966Z"}}, {"model": "reservas.reserva", "pk": 11, "fields": {"aula": 1, "solicitante": 1, "fecha": "2023-12-20", "desde": "09:00:00", "hasta": "10:00:00", "creacion": "2023-07-20T00:34:09.398Z", "modificacion": "2023-07-20T00:34:09.398Z"}}, {"model": "reservas.reserva", "pk": 12, "fields": {"aula": 1, "solicitante": 1, "fecha": "2024-07-20", "desde": "17:00:00", "hasta": "18:00:00", "creacion": "2023-07-20T20:30:36.028Z", "modificacion": "2023-07-20T20:30:36.028Z"}}, {"model": "reservas.reserva", "pk": 13, "fields": {"aula": 1, "solicitante": 1, "fecha": "2023-07-21", "desde": "17:00:00", "hasta": "18:00:00", "creacion": "2023-07-20T20:37:31.309Z", "modificacion": "2023-07-20T20:37:31.309Z"}}, {"model": "reservas.reserva", "pk": 14, "fields": {"aula": 1, "solicitante": 1, "fecha": "2023-07-22", "desde": "17:00:00", "hasta": "18:00:00", "creacion": "2023-07-21T00:23:54.432Z", "modificacion": "2023-07-21T00:23:54.432Z"}}, {"model": "reservas.reserva", "pk": 15, "fields": {"aula": 1, "solicitante": 1, "fecha": "2023-07-23", "desde": "17:00:00", "hasta": "18:00:00", "creacion": "2023-07-21T00:24:25.920Z", "modificacion": "2023-07-21T00:24:25.920Z"}}, {"model": "reservas.reserva", "pk": 17, "fields": {"aula": 1, "solicitante": 1, "fecha": "2023-07-24", "desde": "17:00:00", "hasta": "18:00:00", "creacion": "2023-07-22T00:40:27.562Z", "modificacion": "2023-07-22T00:40:27.562Z"}}, {"model": "reservas.reserva", "pk": 18, "fields": {"aula": 2, "solicitante": 1, "fecha": "2023-07-22", "desde": "15:00:00", "hasta": "18:00:00", "creacion": "2023-07-22T18:42:45.588Z", "modificacion": "2023-07-22T21:36:30.508Z"}}, {"model": "reservas.reserva", "pk": 19, "fields": {"aula": 4, "solicitante": 1, "fecha": "2023-07-22", "desde": "15:00:00", "hasta": "18:00:00", "creacion": "2023-07-22T18:47:07.652Z", "modificacion": "2023-07-23T03:01:43.242Z"}}, {"model": "reservas.reserva", "pk": 20, "fields": {"aula": 1, "solicitante": 1, "fecha": "2023-07-28", "desde": "17:00:00", "hasta": "18:00:00", "creacion": "2023-07-23T03:47:02.345Z", "modificacion": "2023-07-23T03:47:02.345Z"}}, {"model": "reservas.reservaequipamiento", "pk": 2, "fields": {"reserva": 1, "equipamiento": 2, "cantidad": 1}}, {"model": "reservas.reservaequipamiento", "pk": 3, "fields": {"reserva": 17, "equipamiento": 2, "cantidad": 1}}, {"model": "reservas.reservaequipamiento", "pk": 4, "fields": {"reserva": 19, "equipamiento": 2, "cantidad": 1}}, {"model": "reservas.reservaequipamiento", "pk": 5, "fields": {"reserva": 19, "equipamiento": 1, "cantidad": 5}}, {"model": "reservas.reservaequipamiento", "pk": 6, "fields": {"reserva": 18, "equipamiento": 2, "cantidad": 0}}]